{
    "write_flash_args" : [ "--flash_mode", "dio",
                           "--flash_size", "4MB",
                           "--flash_freq", "40m" ],
    "flash_settings" : {
        "flash_mode": "dio",
        "flash_size": "4MB",
        "flash_freq": "40m"
    },
    "flash_files" : {
        "0x1000" : "bootloader/bootloader.bin",
        "0x20000" : "genz.bin",
        "0xc000" : "partition_table/partition-table.bin",
        "0x16000" : "ota_data_initial.bin"
    },
    "bootloader" : { "offset" : "0x1000", "file" : "bootloader/bootloader.bin", "encrypted" : "false" },
    "app" : { "offset" : "0x20000", "file" : "genz.bin", "encrypted" : "false" },
    "partition-table" : { "offset" : "0xc000", "file" : "partition_table/partition-table.bin", "encrypted" : "false" },
    "otadata" : { "offset" : "0x16000", "file" : "ota_data_initial.bin", "encrypted" : "false" },
    "extra_esptool_args" : {
        "after"  : "hard_reset",
        "before" : "default_reset",
        "stub"   : true,
        "chip"   : "esp32"
    }
}
